# x,y,z,vel.x,vel.y,vel.z
2.6562028,5.179143,0.61856943,0.014757396,0.028774409,-0.011800581
3.3485348,-5.7443433,0.5897919,0.00938309,-0.016096497,-0.029378911
4.504255,2.80615,-1.2039634,-0.04942718,-0.030793134,0.018804632
6.1634073,3.121992,-0.54892755,-0.0128227165,-0.006495178,-0.02942113
4.5554266,0.55491424,0.19508459,0.013854859,0.0016877146,0.07509535
-0.07777375,5.748642,0.25171587,-0.00019904411,0.014712373,-0.01099922
-2.0000913,5.676025,-0.75234157,0.011322085,-0.032130755,-0.017583376
-1.4566275,-6.5653095,0.4748455,-0.0031477003,-0.014187316,-0.030580208
1.3348551,-5.0072174,-1.1054729,-0.014894439,0.055871002,0.02598738
-2.133186,-3.884299,1.1474807,-0.02809276,-0.051153842,0.070881866
-5.465557,2.8622098,0.6717633,-0.025373034,0.013287382,-0.022692021
-5.037844,0.38458237,-1.6574035,0.062263012,-0.0047530737,0.030752227
-2.5984237,-5.226349,-0.7232032,0.016148966,0.03248127,-0.011400951
-5.7962103,0.8152265,0.6174281,-0.03147927,0.004427502,-0.013193988
-3.0839834,-1.6742833,0.8133849,-0.029978335,-0.01627513,0.11331913
-5.1407056,-0.6993149,0.79100645,-0.047417168,-0.0064503876,0.025961546
6.172092,0.27426866,0.40896577,0.018498803,0.0008220297,-0.025671532
-3.9562864,1.6833059,-0.44128737,0.026386896,-0.011226995,0.09297545
3.4535446,-4.8051634,-0.80338025,-0.021964192,0.03056035,-0.013576961
2.71162,-5.3679347,-0.24978441,-0.005758494,0.011399541,-0.022115666
-3.1331186,-4.2083035,-1.1336073,0.03447329,0.046303403,0.022138217
-4.457739,-0.2598867,-0.7004665,0.043730468,0.0025494904,0.07826039
-6.793498,0.87362653,0.7459434,-0.019326981,0.0024854012,-0.02755759
-0.09687542,4.3216825,0.17283936,-0.000264078,0.011780721,0.09419598
-1.9684924,-5.4809613,0.39532486,-0.007372289,-0.020526985,-0.013784674
6.3112264,1.7288831,-0.7385045,-0.023301922,-0.006383275,-0.027124617
-3.2510724,0.68429697,0.9540439,-0.03344747,0.007040145,0.11111523
-4.3267245,-0.4479427,1.8815532,-0.058276214,-0.006033295,0.05656297
-4.109595,-2.166218,-0.4946083,0.029851548,0.015735116,0.068444915
1.2297689,4.248644,1.3462204,0.016958239,0.05858783,0.06654244
0.9864714,3.4387279,-0.06608778,-0.0009190866,-0.0032038314,0.12486308
4.3029547,-0.3466168,1.510425,0.06028268,-0.0048559606,0.06715287
-4.1160865,-3.9080334,1.4450693,-0.03938552,-0.03739473,0.0032911145
1.4298202,-6.1601486,-1.0474892,-0.007986216,0.034407318,-0.020110982
5.7283335,1.2948663,0.99390817,0.042868976,0.00969036,-0.009501986
3.9271843,-3.7250931,-0.25165772,-0.012097961,0.011475405,0.009411037
5.51333,-2.7800016,-1.1656195,-0.03627864,0.01829288,-0.015474322
1.6824933,-6.518925,-0.09862164,-0.000783484,0.0030356583,-0.032638382
-2.9924688,5.0385756,0.5444439,-0.014561522,0.024517989,-0.01417884
-5.846102,-1.7296162,-0.19589047,0.009210284,0.0027249362,-0.024914509
-1.2533116,-5.3953123,-1.1970265,0.012345585,0.053145837,0.006848325
-3.9405866,0.97299933,-1.4370716,0.054733753,-0.013514711,0.07923232
-0.2084227,-3.9248827,1.0441631,-0.002572194,-0.04843796,0.09616838
-1.9314649,-3.1060011,-1.1550965,0.023887083,0.038412966,0.09997447
-3.816208,3.96085,1.8452263,-0.038785934,0.040256,0.012619967
-1.1729975,-3.496728,1.0110427,-0.013660091,-0.040721003,0.104048304
0.88793236,-4.691191,-0.08754904,-0.0011913157,0.006294045,0.06055304
6.837671,-0.3085703,-0.08969764,-0.0026111829,0.00011783737,-0.032300375
3.1264937,3.1703396,1.6888618,0.043092478,0.0436968,0.057123717
3.2242327,2.1088116,-0.87061274,-0.0353655,-0.023130829,0.10395703
2.1670194,-2.5406613,-0.6752846,-0.017423898,0.020428164,0.118645616
-2.1680753,4.248595,-0.7500741,0.021609066,-0.042345457,0.056383766
4.395999,-1.5997005,-1.2715131,-0.05836679,0.021239627,0.054665644
-3.9222913,4.1384115,-0.2621076,0.01074656,-0.011338704,-0.008495907
3.4250362,-2.3222566,0.0778711,0.004185862,-0.002838115,0.1055185
-4.8115997,-1.2356677,-1.4124608,0.061237752,0.015726482,0.036762852
-1.1851335,5.0947814,-0.28838065,0.004505707,-0.019369626,0.02289148
5.4994664,3.3265371,0.8421741,0.02466661,0.014920429,-0.024660593
2.3365533,-4.7850647,1.0867604,0.024477247,-0.05012733,0.017519906
3.260099,0.59096843,-0.7137959,-0.027182974,-0.004927544,0.1178449
-1.2631054,-4.626066,-0.46042448,0.008414843,0.030818978,0.057158284
-2.8165066,5.0072803,1.844614,-0.025408838,0.04517268,0.0049134744
2.833021,-3.8303893,-1.5957396,-0.03775779,0.051050473,0.044969425
0.5828285,-4.6667805,-1.8630673,-0.007565448,0.06057747,0.043613963
-1.6131711,4.155377,1.3921214,-0.022315873,0.05748357,0.06377337
-2.563353,-2.5253348,0.16783722,-0.0060662865,-0.005976314,0.12400741
4.3151984,2.64854,0.8292648,0.042865302,0.026309432,0.03459456
-4.851448,-3.468886,-1.2244608,0.03762019,0.02689921,-0.009243693
3.343749,3.9954896,-0.73183626,-0.028951604,-0.034594655,0.024462944
-4.0576777,-1.7498927,1.7078675,-0.05594946,-0.024128478,0.05805127
-5.129676,0.72958004,-0.18098886,0.012639977,-0.0017977508,0.026777418
-6.0351844,1.982469,1.1972344,-0.035187475,0.0115585625,-0.01806815
3.903751,4.2004714,0.9500785,0.031027356,0.033385716,-0.004509538
-4.436619,1.7927952,0.76498514,-0.044715457,0.018069088,0.055105466
0.004268143,-5.4015555,-0.5219526,-2.5984704e-05,0.032882098,0.010884142
-3.7336397,3.2121084,-0.6457816,0.03215777,-0.02766584,0.045742992
0.93427044,-3.0659406,0.78954923,0.008142457,-0.02672063,0.11628137
1.8561778,3.7649536,-0.9516347,-0.022336693,-0.045306344,0.08787178
-2.005217,6.518793,0.27804726,-0.0023951917,0.0077865683,-0.031756476
-5.3605595,-2.9683294,1.0304832,-0.034379058,-0.019036893,-0.0165723
4.3661613,-1.54518,1.1530691,0.056606513,-0.020032989,0.059455965
-1.6717483,4.850279,-1.609417,0.020248905,-0.058748584,0.027401175
-3.867158,-3.0760515,0.4931568,-0.026493564,-0.02107376,0.04537524
-5.8232474,2.1362445,0.010591921,-0.00046103628,0.00016913009,-0.027997306
0.15232225,-6.928737,0.4447915,0.0002566993,-0.011676573,-0.030177103
5.298544,1.1470548,-0.7702929,-0.043500077,-0.009417109,0.010588317
1.2832121,-4.9945726,1.6261532,0.015386762,-0.059889004,0.026123337
-1.9382546,3.0515504,-0.24805497,0.006757053,-0.010638173,0.12300861
-2.1477342,-6.163224,-1.2801864,0.011233672,0.032236602,-0.018661631
-0.057169493,-5.6764464,-1.7299083,0.00054281694,0.053897295,0.0059559993
-2.537849,-4.7743354,1.4532754,-0.027710477,-0.05213041,0.01454922
-0.37956735,-5.734824,1.461862,-0.0034958224,-0.05281786,0.00089141127
1.8211032,-5.6664515,1.0452155,0.013291535,-0.041357256,-0.011481472
-5.0546446,-4.1947517,1.0002257,-0.022583537,-0.018741641,-0.02349666
2.0031302,-3.4792695,1.3135602,0.027267758,-0.04736181,0.08468935
-1.6941327,5.471748,1.5281163,-0.015812583,0.05107183,0.0022861848
0.39624244,-5.304041,0.9681165,0.0039324006,-0.05263851,0.017593892
4.484304,5.1976914,-0.45773748,-0.008246588,-0.009558505,-0.030393856
3.2153187,0.08798779,0.5463228,0.020799324,0.00056917715,0.1218865
-3.1622446,5.984002,0.064236134,-0.00092922506,0.001758398,-0.032617554
-5.2301145,-3.7919295,-0.12760201,0.0040138327,0.0029101032,-0.031701047
-1.3005285,4.0183783,0.15829659,-0.003237361,0.01000281,0.10038635
4.871013,-0.30124944,-1.2564706,-0.062045097,0.0038372066,0.04320652
-6.51752,-2.5237298,-0.19389065,0.004670032,0.0018083412,-0.031155733
3.6926796,-2.4465814,1.8882303,0.04938389,-0.032719247,0.053583387
4.2161026,1.7833031,-0.23749381,-0.015551956,-0.0065780794,0.07574143
6.4845576,-2.3250484,-0.53817284,-0.013505074,0.0048422655,-0.029608203
-0.4349499,-4.3517675,-1.5599921,0.00607895,0.060821235,0.06349554
3.9771683,0.46137875,-1.5974867,-0.055308405,-0.0064161555,0.07599436
3.5667193,-1.0492471,-0.48910123,-0.024125453,0.0070971563,0.11718038
-3.991389,-1.141336,0.31817546,-0.01948324,-0.0055712247,0.103052065
0.38243866,6.06873,-1.1085855,-0.002630539,-0.041742742,-0.0142090535
-4.737548,-2.1861682,0.6637962,-0.038002696,-0.017536562,0.023934351
4.940179,-3.600619,-0.10952398,-0.004324468,0.0031518622,-0.02565343
3.9884567,1.2279795,1.6691313,0.055616505,0.017123409,0.06827101
5.427202,1.0636504,-1.8155612,-0.054686353,-0.010717701,0.011433091
5.3347383,-0.75671285,0.65217906,0.03927786,-0.0055714203,0.012218011
-3.175753,3.702036,0.5608208,-0.0246681,0.028756067,0.049990352
1.5284513,5.816969,0.87228036,0.009616786,0.036599495,-0.01586957
-5.5977774,-1.8114977,1.3053062,-0.046600748,-0.015080478,-0.0056235353
-2.1511054,-3.985453,-0.5858367,0.018250337,0.033813246,0.07579261
-0.6851675,5.6451077,-1.6104543,0.006532264,-0.053819407,0.0045364075
4.8658466,-2.8673816,1.8669506,0.045949377,-0.02707738,0.007970744
-3.6595948,-5.46249,0.006512531,-0.00013004211,-0.00019410717,-0.03258315
1.9206988,5.6966777,-0.30539536,-0.004957846,-0.0147046745,-0.02173308
-1.0019245,6.3595586,0.5612058,-0.003228349,0.020491434,-0.02841878
-2.872816,4.3774505,-1.6931481,0.03327893,-0.05070874,0.02248683
-0.33266905,-3.40926,-0.8664645,0.00330553,0.03387575,0.11281683
-5.125207,3.2476737,-0.57153314,0.022488292,-0.0142500885,-0.021209372
4.700801,4.486867,-1.1805265,-0.024302203,-0.023196196,-0.020050334
-4.3801093,0.22942218,0.3779735,-0.025377218,0.0013292119,0.088263646
-6.4460006,1.5615898,-0.9285314,0.026032763,-0.0063066226,-0.024926152
2.5363922,2.3061938,0.9506438,0.026797883,0.024365751,0.110269934
-2.7211866,3.6406596,1.895124,-0.035907518,0.048040465,0.049183004
5.443678,-1.865926,-0.7577725,-0.03686612,0.012636576,-0.007478887
4.5438795,-4.253597,-0.8970671,-0.024976637,0.023381025,-0.020726092
-1.2293674,6.379921,-1.0911944,0.006118469,-0.031752374,-0.021498028
6.329194,0.66996276,-0.9212718,-0.031723868,-0.0033580605,-0.022695793
-2.9317615,5.2088046,-0.6866061,0.015935801,-0.028312834,-0.017074969
-4.660935,3.1477323,1.7679118,-0.045230523,0.03054613,0.007973681
5.3969336,-3.651959,0.97091246,0.024721226,-0.016728185,-0.023568956
4.291258,-5.036955,0.27234828,0.006046125,-0.007096769,-0.03194828
3.3991537,4.9893427,-0.24094708,-0.006853001,-0.010058965,-0.022919687
4.4234333,-2.5596936,-0.72772187,-0.039518613,0.022868102,0.031546578
-3.8450024,-1.5734376,-1.487404,0.053811874,0.022020696,0.07424259
-0.51960844,-4.643211,1.8542743,-0.0067920987,-0.060694072,0.04498392
3.500777,3.8758352,-1.8850839,-0.039448906,-0.04367531,0.022744875
1.8996742,4.2988763,0.20673317,0.0060350443,0.013657026,0.06630523
6.2476463,2.236428,0.6510459,0.019251062,0.0068911766,-0.028650353
5.9326587,-1.3890898,1.5493683,0.044421818,-0.010401053,-0.0076431883
5.4112773,0.11204421,1.6361197,0.058759775,0.0012166635,0.015019502
-3.7963767,0.59098077,-0.36067823,0.019950474,-0.003105684,0.11578592
-4.8221555,1.7477639,-1.7292444,0.057683606,-0.02090711,0.026983159
-4.729785,2.3252141,-0.9164807,0.04642538,-0.022823218,0.020511951
5.56354,-0.9581835,-1.8159113,-0.053053543,0.009137175,0.0076595335
-6.515599,-0.85495955,-1.1433393,0.031274382,0.0041037425,-0.021250334
-3.584463,-0.8890942,-0.60486317,0.028953783,0.00718173,0.11532544
4.5905395,-0.7307202,-0.025662512,-0.0018429894,0.00029336638,0.07088801
-0.3560934,5.275862,1.243972,-0.003976601,0.058917165,0.019904977
3.9027948,1.4866065,-1.5164434,-0.054695997,-0.020834157,0.07256839
-0.5926946,3.1711357,-0.57558644,0.0040244167,-0.021532126,0.12128645
0.31639105,3.4727507,-0.9555209,-0.0034048513,-0.03737211,0.10939899
-3.5431406,2.0689657,-1.3941526,0.04912902,-0.028688176,0.078981906
-4.4263597,-2.742746,1.6812441,-0.05187871,-0.032146085,0.02374055
1.3476567,5.680313,-1.1688105,-0.011128351,-0.046905506,-0.0059290826
-4.1766977,3.9010122,-1.8402311,0.038298268,-0.03577037,0.0057403534
1.6365695,-3.8981187,-1.2179457,-0.022061758,0.052548543,0.07910661
4.009412,5.419185,0.75285584,0.012655445,0.017105315,-0.02758032
-3.1833975,2.0067015,0.5827383,-0.025311537,0.015955497,0.114057526
-0.10956402,3.1663032,0.43058667,-0.0005627199,0.0162621,0.1239195
-5.6550727,2.7329197,-1.4730515,0.037014667,-0.017888043,-0.012405778
2.4887905,-2.3169727,0.6014875,0.018521074,-0.01724244,0.119927816
2.800346,-3.8988435,0.075230874,0.0032148852,-0.0044759945,0.058429454
5.526113,2.097603,1.5789949,0.046438757,0.017627219,-0.002734978
-1.2945486,-6.6522627,-0.63140714,0.0034292797,0.017621951,-0.028988302
5.8180056,-0.2517176,-0.59761935,-0.03136446,0.0013569924,-0.012125698
4.9458437,-1.9484975,0.13169684,0.008434367,-0.0033228595,0.016331293
-2.3424163,2.7201293,0.9837134,-0.026291706,0.030531228,0.10690799
-2.856052,-3.2271955,-1.5781521,0.039989702,0.045186363,0.06566421
-6.2227054,-0.03893617,-0.28577626,0.012835297,8.031159e-05,-0.027548738
-3.757875,-4.9748898,-1.5610741,0.025589472,0.033876803,-0.0102259135
-4.885732,3.9518414,0.6222493,-0.019496586,0.015769888,-0.02560576
3.3646827,-2.802562,-1.6140065,-0.04690286,0.03906704,0.06192099
-5.384749,-2.2284806,-1.657132,0.04740152,0.019617144,0.0005818899
2.4487922,-4.948639,-1.9064059,-0.024360843,0.049229585,0.01220551
-0.60813624,-3.31384,0.19175415,-0.0015340955,-0.008359554,0.12644121
-0.90570265,3.9293058,-1.4324967,0.012552405,-0.054457415,0.080291376
0.6686849,5.6087165,1.7934817,0.006388621,0.053585727,0.0073903627
3.788919,-4.5473833,1.2870818,0.03073023,-0.03688179,-0.0069843703
4.9135146,3.8040285,1.5053144,0.033816803,0.026180865,-0.010739622
-4.5340266,1.3967781,1.6781197,-0.060209323,0.018548427,0.04467457
2.464818,6.409093,0.29984358,0.003033294,0.007887262,-0.031445473
3.1260297,-3.305411,1.864459,0.04149489,-0.043876,0.049608886
-2.5893588,1.8296576,-0.52548456,0.015941573,-0.011264418,0.12227789
-4.1710277,-4.1567774,0.027121313,-0.0010665056,-0.0010628618,-0.018005328
2.275918,4.5410666,1.5968503,0.028040597,0.055948503,0.029842226
-0.253872,-6.676588,-0.9133271,0.0009724067,0.025573384,-0.02532134
6.112422,-1.5068215,0.49432555,0.019823538,-0.004886857,-0.027217526
-3.1371946,-2.563591,1.6691647,-0.04359895,-0.035627343,0.07229926
-4.6483974,4.517778,-1.0775114,0.023262462,-0.022608783,-0.02157764
-3.2511017,-2.7327092,-0.5558024,0.02648651,0.022263197,0.094230644
2.6095998,3.3192487,0.022149807,0.0009145839,0.0011632936,0.10090385
-3.092268,-5.5297346,0.987157,-0.01654842,-0.029592643,-0.021253644
-2.8072803,3.1118586,-1.5238801,0.03935742,-0.043627534,0.07179935
1.3126824,4.1280775,-1.8652782,-0.017754907,-0.05583501,0.05757845
5.314555,3.756615,-0.11130483,-0.0034148337,-0.0024137893,-0.032108195
-0.78815824,6.155903,1.5791337,-0.00547726,0.04278009,-0.009439372
-3.216764,-3.7420354,0.8863886,-0.034562025,-0.040205717,0.04328175
-4.118513,-2.5764816,-1.7432048,0.052972104,0.03313856,0.03873701
2.2958827,5.6987576,-1.5976263,-0.016645871,-0.041317776,-0.007973818
0.9078964,-4.131399,0.87796307,0.010424813,-0.047438305,0.08816409
-2.8982704,-4.5557942,0.06922791,-0.0025095178,-0.0039447146,0.010147144
0.46702692,4.7733974,-1.3685614,-0.006162965,-0.06299051,0.046578974
2.6506577,2.909096,-1.4644278,-0.036534414,-0.04009651,0.08235652
1.9638385,-4.4982796,-0.4149786,-0.011628146,0.026634898,0.048406154
2.9550226,4.8102455,-1.4954535,-0.028809214,-0.04689623,0.004919032
-1.685156,-4.237675,-1.7664192,0.022737676,0.057178624,0.051072773
4.2856035,-2.5906818,0.87010217,0.044631716,-0.026980232,0.03827776
-1.9764811,-5.847125,1.4544916,-0.01393216,-0.04121623,-0.010754663
3.0081267,-1.0776892,0.54167926,0.019179882,-0.0068713697,0.121982746
6.3417397,-2.6444824,0.45322365,0.011489926,-0.004791257,-0.030403463
-3.3914022,-0.6607532,1.1134365,-0.039428614,-0.0076819523,0.10475008
3.2727711,4.6510067,1.8550469,0.030368617,0.043157477,0.0066950754
3.5758178,2.5664918,-1.8841263,-0.047969483,-0.034429416,0.05468241
-0.041327808,3.640862,1.3860322,-0.0005418324,0.047734067,0.092386246
2.9219644,4.044909,0.81241643,0.02926069,0.040505923,0.039889492
-5.18625,0.18418933,1.8460842,-0.059600037,0.0021166902,0.024114149
5.0942836,2.490475,-0.038795188,-0.0021411567,-0.0010467604,-0.0072777187
6.404233,-0.42394388,1.3612998,0.037197575,-0.0024623843,-0.016189469
5.9618034,-3.4801142,-0.412453,-0.009605683,0.0056071747,-0.030558174
-3.351993,2.1372287,1.6800624,-0.04635449,0.029555606,0.074257135
-5.3814063,4.373197,-0.32223794,0.0066639134,-0.0054154266,-0.030956738
-2.8068366,-6.0203986,-0.09384786,0.0013503241,0.0028963175,-0.032663025
-0.80078787,-4.985244,0.5595982,-0.0059303707,-0.036919072,0.036655262
1.8813504,-3.1149247,0.34223598,0.008988335,-0.014881859,0.12140075
-6.441042,-0.3503705,0.92194456,-0.030135041,-0.0016392423,-0.023715865
3.2375195,1.445484,0.44738293,0.019356022,0.008642051,0.12136472
-5.8004465,1.1110939,-1.630256,0.048846148,-0.009356641,-0.0019383337
-0.58664817,-6.0370593,0.037897058,-0.00018466201,-0.0019003128,-0.024389286
-2.6821024,5.84623,1.2626206,-0.015026484,0.03275351,-0.017998347
0.76952964,4.8593035,-0.11248956,-0.0012844664,-0.0081110075,0.048381407
0.49985635,-3.523866,-0.041996084,-0.00029462297,0.0020770202,0.12520835
0.83586496,6.3354216,0.30798802,0.0016148926,0.012240045,-0.030138727
-4.5209966,5.0167217,0.42966926,-0.008686826,0.009639331,-0.030932548
-0.4523609,6.8054953,-0.40089974,0.00076617685,-0.011526665,-0.030991366
-2.9850726,2.8940854,-0.023597265,0.0011090545,-0.0010752495,0.10456416
-3.893838,2.7459219,0.680908,-0.036160972,0.025500601,0.057525635
-6.3823743,-2.398282,0.817132,-0.020032227,-0.0075274403,-0.026735721
-5.992194,-3.1759877,-0.7842283,0.018828223,0.00997935,-0.027183022
5.4187427,3.4181852,-1.3051326,-0.031327583,-0.019761689,-0.016986042
1.926285,3.2339597,1.1900005,0.02459355,0.04128908,0.09633777
3.5025928,-1.9967077,-0.9570146,-0.041738838,0.023793878,0.09504822
6.777907,1.0093399,-0.00755273,-0.00021665907,-3.2264048e-05,-0.03233706
4.157909,2.535801,1.822326,0.05261049,0.032085773,0.037318964
5.461064,2.3721175,-1.5637014,-0.044696126,-0.019414611,-0.0040984186
37.36195,33.717793,24.126371,3.1456053e-05,2.8387925e-05,-1.5633557e-05
-25.978546,5.0893545,-48.638397,4.4914177e-05,-8.7989265e-06,4.8265407e-05
25.535227,47.507153,-15.1024275,-1.32736e-05,-2.469495e-05,-2.789965e-05
24.257631,19.721844,27.180376,0.00010122251,8.229552e-05,2.7250124e-05
48.223667,-34.923866,-27.086613,-2.0570762e-05,1.48974705e-05,-1.0780717e-05
-19.282501,41.33473,39.013134,-1.8099423e-05,3.8798553e-05,7.98531e-06
-11.126035,-20.948164,49.26201,-2.0726413e-05,-3.902388e-05,5.4644108e-05
-47.570236,31.21923,43.67748,-2.0525917e-05,1.3470676e-05,2.0029715e-06
-24.836775,-22.826473,32.443733,-6.704851e-05,-6.162165e-05,2.7767648e-05
-41.96796,11.525244,49.389423,-3.1310425e-05,8.598503e-06,1.52107e-05
6.3916755,-17.394821,-0.1119562,-7.0690257e-06,1.9238218e-05,-0.001068097
22.707531,-9.712721,16.582508,0.00030710944,-0.00013136023,-8.51123e-06
-25.7125,32.023655,-14.262798,4.5075627e-05,-5.6139383e-05,-5.1524392e-05
4.3669734,6.110296,41.638607,2.4316585e-05,3.4023742e-05,0.00015424126
38.088852,-24.139547,-45.35026,-3.0190276e-05,1.9133684e-05,1.231803e-05
-19.644518,-37.298145,-34.766945,2.629147e-05,4.9918366e-05,8.621626e-06
-6.346313,21.466564,-12.632374,0.00013799887,-0.00046678455,-8.912712e-05
-34.55772,10.355072,3.8463,-4.1034265e-05,1.2295742e-05,-0.0001289087
43.592632,35.671616,-2.6514826,-3.854809e-06,-3.15437e-06,-3.490534e-05
25.180265,17.78116,46.525875,4.0159117e-05,2.835856e-05,3.9073846e-05
6.2444086,-6.3955374,-33.651672,-7.35324e-05,7.531189e-05,0.00026045885
-5.672935,-26.376198,6.5723314,-4.463605e-05,-0.00020753441,-0.0002477463
-24.639843,13.924359,-12.489286,0.00020977444,-0.0001185467,-0.00010566324
-2.2190025,-49.833576,-35.728436,1.7125058e-06,3.84588e-05,6.7776557e-07
20.042555,24.378317,-0.40919054,-5.14576e-06,-6.2589384e-06,-0.00020429748
-7.8250084,12.396896,11.224824,-0.00077771756,0.0012321112,0.00020078463
-40.2277,1.8914849,17.15848,-8.173097e-05,3.8430053e-06,-3.98396e-05
12.481708,9.682146,3.8039522,0.00092173484,0.0007149963,-0.0012918344
27.470558,-18.297628,-3.8551226,-5.104491e-05,3.4000062e-05,-0.00016716472
19.505932,-33.163902,43.9084,2.3558916e-05,-4.0054765e-05,2.2116064e-05
-25.146694,-44.28742,-6.0557556,8.181339e-06,1.4408668e-05,-4.479146e-05
-23.90287,-48.818825,-46.460407,1.11317195e-05,2.2735205e-05,4.6593414e-06
-21.1811,34.544624,-44.60983,2.2189171e-05,-3.6188718e-05,1.858352e-05
-47.37179,-37.979877,20.573318,-1.701153e-05,-1.3638834e-05,-1.6396207e-05
15.398496,-39.787926,-21.815283,-2.5178602e-05,6.5058564e-05,-2.1063699e-05
26.14601,11.063795,14.960569,0.00022017807,9.316919e-05,-6.241548e-05
39.733055,-48.918545,-43.27153,-1.2363193e-05,1.5221299e-05,-4.7480557e-07
-11.219367,-34.16263,-6.0346427,2.0354577e-05,6.1979066e-05,-0.00012029817
-26.899553,-28.328756,-2.5459442,1.4388096e-05,1.51525555e-05,-0.00010463919
31.464209,-26.87254,11.158018,4.6497185e-05,-3.9711726e-05,-6.366818e-05
-43.3305,-48.825504,-0.9833985,6.805786e-07,7.668868e-07,-2.2577507e-05
49.843407,-44.887707,40.70409,1.2820892e-05,-1.1546149e-05,-2.4401418e-06
-22.227505,-28.68903,-22.731136,6.630927e-05,8.558534e-05,-1.1201e-05
49.25084,30.42243,-16.276243,-1.9308885e-05,-1.1927165e-05,-2.248359e-05
-6.4238124,41.97521,-5.932024,5.049716e-06,-3.299643e-05,-7.568478e-05
24.072489,36.202396,47.14086,1.9547595e-05,2.9397439e-05,1.4872083e-05
-11.736982,-16.499962,-29.556719,0.000107747655,0.00015147262,0.00014259962
20.39965,3.6743054,37.70149,9.581069e-05,1.725699e-05,0.000101985126
33.83235,-13.771805,27.143105,8.848017e-05,-3.6016732e-05,5.433488e-06
-21.244053,47.412136,2.279443,-2.4272902e-06,5.4171846e-06,-4.461105e-05
18.365385,-29.999056,-35.45128,-3.9139115e-05,6.393205e-05,2.6268825e-05
-36.892776,-8.1422615,-44.88715,4.4410866e-05,9.801527e-06,2.3594814e-05
46.125275,12.776167,-4.5913806,-1.5752743e-05,-4.363324e-06,-5.5279736e-05
20.501621,-4.4020348,-40.676636,-7.639111e-05,1.6402446e-05,8.894607e-05
38.686802,-1.4520804,-0.1615334,-1.3895514e-06,5.2155762e-08,-0.00010968893
46.88338,-8.998315,-26.127867,-4.8433627e-05,9.295839e-06,-1.169915e-05
-46.442287,-49.12467,-17.383293,9.2045e-06,9.7361135e-06,-1.4992849e-05
-18.249708,-11.014445,4.36978,-0.00033571394,-0.00020261706,-0.00055555877
48.587738,38.436867,-48.356915,-1.4696285e-05,-1.1625937e-05,1.8123594e-06
-30.717299,49.990105,-42.418663,1.2293936e-05,-2.0007503e-05,5.838781e-07
23.0544,-44.521114,21.483297,1.9415502e-05,-3.749393e-05,-2.0474732e-05
2.1176884,44.458565,26.98835,2.8205604e-06,5.9214526e-05,-8.177211e-06
-38.35927,41.58853,3.664627,-4.5617667e-06,4.9457985e-06,-3.41309e-05
18.856062,-2.1368322,-24.813278,-0.00028796654,3.263326e-05,0.00018668141
34.383583,-41.143833,-5.106212,-7.3730125e-06,8.822642e-06,-3.924873e-05
-24.6779,16.52051,-27.453848,0.00011704788,-7.8357225e-05,3.79382e-05
-49.537086,28.99079,5.401275,-7.982685e-06,4.671738e-06,-3.199263e-05
-10.767237,29.584934,-32.606533,3.4220957e-05,-9.4028204e-05,3.8020815e-05
-38.708443,-18.850605,22.062954,-6.1007515e-05,-2.9709994e-05,-2.0354648e-05
7.6737533,-15.866792,47.517303,2.0046475e-05,-4.1449457e-05,7.7909135e-05
-29.474081,20.216803,23.969198,-9.0302114e-05,6.193985e-05,-4.2536967e-06
-37.854736,-41.9768,-33.86717,1.941645e-05,2.153072e-05,-4.412318e-06
-45.132343,23.473785,-35.691303,3.265732e-05,-1.6985385e-05,-7.49842e-08
40.96817,44.79193,12.506951,1.06161715e-05,1.1607037e-05,-2.3148761e-05
8.435531,40.712055,8.998635,1.045121e-05,5.044023e-05,-7.0973365e-05
-15.3964205,4.7658463,48.7996,-3.8509446e-05,1.1920302e-05,7.773575e-05
46.049454,7.4351287,-43.311115,-3.5729263e-05,-5.7688057e-06,9.608926e-06
-49.367634,-7.8464413,5.9521327,-1.733997e-05,-2.7559915e-06,-4.7378864e-05
-6.9325476,-8.9713955,-10.336052,0.0015433814,0.0019972865,0.00085432513
43.87542,22.65982,37.561443,3.3646895e-05,1.7377211e-05,2.813836e-06
38.910908,46.977325,-23.708885,-1.45080885e-05,-1.7515691e-05,-1.3492203e-05
16.3714,19.742344,-17.420603,-0.00018884403,-0.00022772756,-4.853139e-06
-6.472849,31.50424,14.323494,-3.2864165e-05,0.0001599543,-7.0896785e-05
-23.854105,-2.3869147,-26.260006,0.00020435428,2.0448371e-05,9.139085e-05
-22.858324,-16.276144,17.786928,-0.00019080618,-0.00013586252,-1.9830615e-05
26.0537,10.670423,-31.579956,-0.00011282276,-4.620706e-05,5.6596487e-05
21.058558,-11.451429,40.052467,7.0224734e-05,-3.818758e-05,7.425698e-05
29.706999,34.207214,-33.36317,-3.302013e-05,-3.8022292e-05,2.2585023e-06
-10.742229,-36.505733,37.43343,-1.7342867e-05,-5.8936952e-05,1.9963634e-05
45.47113,-16.699158,-2.7842736,-8.998272e-06,3.3045974e-06,-5.4776472e-05
-46.398037,38.752357,-27.090683,1.8581602e-05,-1.5519632e-05,-1.0657064e-05
-46.265255,6.721692,-12.333234,4.1157582e-05,-5.979626e-06,-4.4735192e-05
41.488552,40.108967,37.620945,1.890991e-05,1.8281102e-05,-1.903046e-06
34.3176,-33.486572,34.40451,3.0991097e-05,-3.024064e-05,8.550919e-07
-47.62418,-32.793842,-23.624943,2.2349419e-05,1.5389729e-05,-1.4593171e-05
-0.91769284,-39.753155,-49.71314,8.136212e-07,3.5244553e-05,2.0208898e-05
-2.4434373,-6.0704155,18.794619,-0.00024293986,-0.00060355355,0.001252802
45.662647,-5.44196,41.022095,3.9476807e-05,-4.704771e-06,9.017147e-06
-7.342268,-49.27887,-10.513487,4.2947777e-06,2.8825074e-05,-4.1563027e-05
-38.662712,49.009716,19.852583,-1.2027749e-05,1.5246649e-05,-1.6123886e-05
-0.9585792,4.1583495,-47.087456,3.482818e-06,-1.5108588e-05,0.00011486662
13.552704,-31.779753,18.31713,5.1631938e-05,-0.000121071884,-3.4446723e-05
-46.27855,-27.651953,-42.4536,2.4222318e-05,1.4473075e-05,2.9960704e-06
27.782595,-48.234657,41.944584,1.3295286e-05,-2.3082566e-05,1.7127047e-06
-12.280755,48.98743,23.59032,-1.0176342e-05,4.0593037e-05,-1.6546519e-05
17.883623,-48.778343,-0.44856387,-4.0403407e-07,1.1020189e-06,-4.499289e-05
1.1227028,-14.401285,33.617607,1.0423713e-05,-0.00013370826,0.0001930339
18.645561,44.694923,20.425303,1.798759e-05,4.3117718e-05,-2.3416887e-05
-44.16443,45.346973,-11.478573,8.711661e-06,-8.944933e-06,-2.132934e-05
15.250157,27.218866,-49.125404,-2.0837175e-05,-3.7190694e-05,3.6104444e-05
-41.499725,30.512453,25.573238,-3.185575e-05,2.342176e-05,-1.3209923e-05
36.628212,6.741888,-20.276821,-0.00010272001,-1.8906943e-05,-2.483851e-05
-43.807266,-11.227784,-9.935364,3.9080947e-05,1.0016435e-05,-5.469703e-05
12.243006,31.588627,-31.683382,-3.3778746e-05,-8.715367e-05,2.5931984e-05
-24.944029,-37.267933,27.659935,-3.2026164e-05,-4.7849124e-05,-7.0172073e-06
1.1952313,-15.838315,-47.567463,-3.290561e-06,4.3604232e-05,8.3342544e-05
-32.556038,34.500572,-33.2497,3.1192187e-05,-3.305528e-05,-9.593714e-08
-21.238222,-43.963573,48.77993,-1.2375741e-05,-2.5618005e-05,9.594428e-06
5.296654,44.972313,-34.02866,-5.8046458e-06,-4.9285492e-05,3.171455e-06
12.464163,5.598324,-10.735952,-0.0015991456,-0.00071826176,0.0002997126
-32.600273,28.877962,45.13625,-2.8331919e-05,2.5096988e-05,1.4202261e-05
8.688324,4.9002833,21.51686,0.00043235527,0.0002438514,0.00067155965
-34.77685,-45.54703,11.986035,-1.1496489e-05,-1.5056877e-05,-2.7364618e-05
28.424723,16.940506,-47.938313,-3.7767804e-05,-2.2508799e-05,3.2716784e-05
-5.1869984,-1.7789253,4.0413566,-0.0238407,-0.008176372,0.014042145
7.236069,21.395376,26.16034,7.095515e-05,0.00020979825,0.00011187922
47.062275,-31.316006,-6.030128,-9.08274e-06,6.0438033e-06,-3.3111173e-05
9.201621,-47.13564,45.406643,6.2008307e-06,-3.1763997e-05,9.155174e-06
-5.4437466,31.637495,30.636724,-1.810961e-05,0.00010524798,3.1866315e-05
6.8298187,-23.751522,-25.074938,-5.888722e-05,0.0002047874,7.8111945e-05
49.010536,-12.659251,19.008532,3.8203732e-05,-9.8679175e-06,-2.4836743e-05
35.914738,-21.43508,-26.516243,-6.0285725e-05,3.598049e-05,-6.6535085e-06
21.725492,43.01142,-0.8755553,-1.398834e-06,-2.7693638e-06,-5.6419518e-05
-23.068361,7.0170493,16.915398,-0.00033374995,0.000101521575,5.75348e-06
48.16679,9.096916,44.44444,3.1608284e-05,5.969625e-06,7.779825e-06
-49.74925,2.9174297,-41.89989,3.3394266e-05,-1.958349e-06,5.657567e-06
49.89188,6.8269343,25.961363,4.1888747e-05,5.7318393e-06,-1.2531209e-05
9.937273,28.974085,49.20264,1.3875522e-05,4.0456776e-05,3.73169e-05
-41.807594,-10.650582,47.5696,-3.400577e-05,-8.663035e-06,1.5391088e-05
-41.49617,-12.533333,-25.31367,6.221843e-05,1.8792158e-05,-1.1267447e-05
-31.913197,-4.1015024,35.3125,-8.4372135e-05,-1.0843546e-05,3.7299273e-05
-32.20198,19.523443,-47.649494,3.4599492e-05,-2.0977055e-05,2.3758126e-05
8.875144,49.283546,47.34259,5.060527e-06,2.8100994e-05,8.063631e-06
-14.075568,-10.124748,33.444183,-0.000113074355,-8.133593e-05,0.00015852321
2.5414727,15.62262,-27.3262,-3.9995175e-05,-0.00024585286,0.0002467166
-25.833359,-24.832685,-44.944843,3.4458753e-05,3.3123964e-05,2.7640124e-05
49.1454,27.112484,16.616375,2.2513705e-05,1.242033e-05,-2.3680672e-05
42.45196,-38.69251,9.375963,1.131591e-05,-1.0313797e-05,-2.941428e-05
-27.156746,-29.956762,46.573093,-2.6445376e-05,-2.9172033e-05,1.9095887e-05
-28.913116,27.142565,2.3132749,-1.3050922e-05,1.2251714e-05,-0.00010036486
21.28578,-31.435282,0.15092215,7.8873563e-07,-1.1648206e-06,-0.000116409436
-14.269701,18.3799,23.794926,-0.00015447025,0.00019896343,9.4909665e-05
-43.071007,-32.402706,-6.7429385,1.1686321e-05,8.791719e-06,-3.7486967e-05
-14.632136,-48.675835,23.472336,-1.1803694e-05,-3.9266593e-05,-1.6694075e-05
15.669198,-45.85236,-39.630142,-1.2114328e-05,3.544984e-05,5.36137e-06
-48.394974,6.464164,32.742393,-4.244433e-05,5.669325e-06,-1.8859637e-06
30.783596,29.264866,-12.240351,-4.267334e-05,-4.0568004e-05,-5.5991106e-05
5.076323,-39.88693,-9.418053,-7.641406e-06,6.004197e-05,-7.55944e-05
-39.752365,-23.251802,39.00595,-3.629676e-05,-2.123058e-05,7.4430923e-06
-42.234234,-46.12631,48.56624,-1.2357265e-05,-1.3496032e-05,1.679909e-06
49.2831,-23.00635,35.307915,2.8536877e-05,-1.3321592e-05,-2.387536e-06
-45.513958,26.788427,-11.385975,2.140391e-05,-1.2597805e-05,-3.455219e-05
38.296562,-45.590992,22.126917,1.54833e-05,-1.8432427e-05,-1.5490812e-05
-6.793206,17.087776,46.789032,-1.819904e-05,4.5778124e-05,7.798693e-05
-43.4066,-47.157997,31.970734,-1.3861669e-05,-1.5059671e-05,-6.7880806e-06
-47.80756,-12.235225,32.243668,-4.0741976e-05,-1.0426925e-05,-2.8879053e-06
25.264297,-27.690538,-17.399437,-6.9443995e-05,7.6112985e-05,-4.0819737e-05
-5.8082438,42.958546,-44.096977,5.2958994e-06,-3.916893e-05,1.409206e-05
-48.912663,-42.477676,-46.630066,1.3209764e-05,1.1471877e-05,3.5016615e-07
-33.975563,48.651066,43.77726,-1.2800926e-05,1.8330224e-05,9.794828e-07
-45.714428,34.801964,-47.42784,1.7708415e-05,-1.3481249e-05,3.3467015e-06
-22.097046,17.09582,38.375286,-6.520906e-05,5.0450224e-05,5.649623e-05
33.486504,-5.776968,49.990772,3.8572238e-05,-6.6543657e-06,2.982835e-05
47.843258,22.65008,-34.709637,-3.07256e-05,-1.45462e-05,-2.246723e-06
-12.46014,45.60355,-25.680857,1.3403182e-05,-4.9055066e-05,-1.2426204e-05
-5.531037,-44.687595,12.044921,-5.7780535e-06,-4.668327e-05,-4.9624552e-05
-1.5380965,-28.953108,-36.55376,4.720361e-06,8.8855864e-05,5.2325893e-05
37.28208,-0.48479483,-33.999367,-7.2519746e-05,9.429759e-07,1.8207666e-05
36.07056,48.123466,-44.47871,-1.2855336e-05,-1.7150933e-05,9.871444e-07
14.183592,34.4921,32.290264,2.937163e-05,7.1426875e-05,1.553421e-05
31.950289,24.41495,9.969594,5.0082268e-05,3.8270595e-05,-7.324189e-05
3.3185775,46.861416,-17.06964,-3.4488655e-06,-4.8701346e-05,-3.250782e-05
-39.837696,-19.062397,2.4839742,-1.1214996e-05,-5.3663857e-06,-7.25022e-05
19.536125,-5.803612,0.850078,9.894802e-05,-2.9394578e-05,-0.0007841906
11.781301,10.693081,-38.994804,-6.327352e-05,-5.742902e-05,0.00013009056
4.8450923,-30.731289,49.42952,6.5421905e-06,-4.1495477e-05,3.6057176e-05
-8.793377,16.472624,-41.836002,3.3439122e-05,-6.2641404e-05,9.685637e-05
-6.72115,-37.204414,-21.987965,1.7477552e-05,9.674583e-05,-1.7173756e-05
12.739885,46.443024,-49.88897,-7.4137815e-06,-2.7026756e-05,1.047295e-05
-22.56011,35.663944,19.265062,-3.8401507e-05,6.0706643e-05,-2.9875135e-05
-12.296985,-30.394476,21.822033,-5.3498763e-05,-0.00013223292,-6.2572467e-06
-20.368208,-9.871339,-46.218037,4.8108814e-05,2.3315713e-05,6.47992e-05
-46.902386,17.517975,16.007856,-3.5529007e-05,1.3270043e-05,-3.1113836e-05
9.723051,-38.47076,32.78224,1.6547503e-05,-6.547281e-05,1.0492418e-05
31.302874,-41.54088,-31.394175,-2.2352066e-05,2.966258e-05,-5.3615195e-06
34.448025,-36.587868,49.77347,1.8122137e-05,-1.9247838e-05,8.679969e-06
48.084255,-33.82398,23.571041,2.0998637e-05,-1.4771127e-05,-1.4339134e-05
38.653988,-4.290588,-49.641014,-3.586092e-05,3.980583e-06,2.1517835e-05
-11.146605,-1.8734256,-34.41561,0.00011079749,1.8621862e-05,0.00022028749
-40.49661,2.6978922,-26.333996,7.584287e-05,-5.05272e-06,-5.50442e-06
25.151972,-17.441174,-49.49392,-3.4619436e-05,2.4006215e-05,3.71156e-05
49.591724,12.976933,10.5030575,2.5269092e-05,6.6123043e-06,-3.860169e-05
-4.7040114,39.055405,45.83678,-5.002429e-06,4.1533018e-05,2.0813748e-05
-22.28477,-2.9826453,-7.698677,0.00045167655,6.0453363e-05,-0.00032001987
37.172585,9.641798,33.856186,6.701968e-05,1.7383494e-05,1.5092148e-05
-11.284975,3.9072742,27.782484,-0.00022105174,7.653624e-05,0.00033991938
-0.27963683,29.178394,-49.803585,4.0306895e-07,-4.2053573e-05,4.0045536e-05
27.804914,-37.0096,-49.48865,-1.7998933e-05,2.395743e-05,1.2168653e-05
26.200148,-49.26385,-16.138723,-1.2120761e-05,2.2790542e-05,-2.4568599e-05
27.595488,11.491519,-7.508364,-0.0001457036,-6.0674927e-05,-0.00017816441
21.671606,-23.691042,31.14943,7.0374335e-05,-7.693207e-05,3.279202e-05
36.618546,0.43303907,18.670496,0.00011072896,1.3094261e-06,-3.3397057e-05
4.1493845,25.049295,-0.82653123,-6.539556e-06,-3.9478462e-05,-0.00039685666
-22.508387,-35.236595,11.550585,-3.2386728e-05,-5.0700983e-05,-6.0640334e-05
15.629472,36.264248,-13.218779,-3.1561165e-05,-7.322963e-05,-6.0489718e-05
-44.999325,49.646824,-49.936245,1.0343078e-05,-1.1411286e-05,8.0926e-07
48.914574,-48.237698,-1.4567902,-8.803054e-07,8.681238e-07,-1.9339679e-05
-27.166367,-44.69322,-21.589996,1.913223e-05,3.1475716e-05,-1.9353218e-05
7.947377,-10.402846,-17.597132,-0.00049066363,0.0006422623,0.00056977017
32.592594,-9.731421,-16.131704,-0.00013276981,3.964209e-05,-5.1505907e-05
-33.206303,47.91306,-21.462324,1.4562692e-05,-2.1012387e-05,-1.6718319e-05
-3.8275378,1.8456799,-21.79598,0.0002577107,-0.0001242708,0.001010128
49.208588,-3.4844997,-12.267511,-3.38497e-05,2.396932e-06,-3.9476152e-05
-49.30302,43.389874,29.71389,-1.4179235e-05,1.247865e-05,-8.141578e-06
48.39544,49.813457,-35.255665,-1.1198332e-05,-1.152646e-05,-5.0589397e-06
48.97132,-34.895756,-45.446804,-1.7162045e-05,1.222924e-05,1.4010463e-06
3.9304206,-19.97462,19.245827,8.1558464e-05,-0.00041448436,0.00012943613
-24.809547,-10.913094,48.281746,-4.2620966e-05,-1.8747902e-05,4.708829e-05
36.710827,21.332985,-24.534172,-5.999503e-05,-3.4863664e-05,-1.2706716e-05
6.3491497,-35.491714,5.2637973,1.0085616e-05,-5.6378514e-05,-0.0001232334
28.375841,46.89905,32.575172,1.6504968e-05,2.7279088e-05,-5.0917342e-06
-7.2849903,-49.41034,47.80795,-4.1262083e-06,-2.7986021e-05,8.334611e-06
46.75999,-27.19565,49.688282,2.0351175e-05,-1.1836264e-05,5.9703107e-06
-10.318848,7.4384294,-7.9392705,0.002156908,-0.0015548256,-6.398297e-05
18.867168,29.973692,15.623768,6.478414e-05,0.00010292054,-5.4374108e-05
-19.683388,-17.177189,-13.02123,0.00023333426,0.00020362488,-9.656072e-05
31.873606,-21.34355,48.565765,3.177648e-05,-2.127849e-05,2.2470093e-05
-7.919623,46.162376,9.38461,-5.7057223e-06,3.3257864e-05,-5.1116724e-05
41.886974,-49.987083,-20.970888,-1.0994373e-05,1.3120478e-05,-1.3984738e-05
9.782684,-49.45241,14.003427,6.641868e-06,-3.357532e-05,-3.4391538e-05
22.168869,49.249382,-31.759066,-1.3728491e-05,-3.0498635e-05,-5.6732074e-06
33.00331,48.177094,49.77004,1.1574408e-05,1.689592e-05,3.70129e-06
-0.4503275,-49.539906,30.447353,-3.883274e-07,-4.2718144e-05,-5.4087736e-06
48.49462,45.922115,25.604013,1.2506801e-05,1.1843353e-05,-1.0497912e-05
48.96763,-14.183647,-42.321537,-3.0422776e-05,8.812054e-06,4.965642e-06
-49.76121,6.7758245,2.6121771,-7.714508e-06,1.0504623e-06,-4.925131e-05
-14.532067,28.071075,-1.8919322,1.6957365e-05,-3.2755932e-05,-0.00020004941
33.98603,32.309517,-49.99254,-2.0990705e-05,-1.9955196e-05,1.1674794e-05
48.950356,47.95213,-10.93702,-6.2925815e-06,-6.1642622e-06,-1.7382748e-05
-27.487206,-16.382862,-32.41252,8.480378e-05,5.0544542e-05,3.527834e-05
-20.289541,48.464397,-12.852344,1.0702099e-05,-2.5563446e-05,-3.2962977e-05
30.294428,-49.01165,8.442035,7.2506327e-06,-1.1730392e-05,-2.9843222e-05
-28.278606,-49.891426,36.715004,-1.3331008e-05,-2.3519668e-05,-2.4180756e-06
48.659298,22.494295,-49.904163,-2.1574231e-05,-9.973378e-06,6.338874e-06
